url,title
https://camp-fire.jp/projects/912881/view,MEGAFON【日陽きい】生誕祭応援プロジェクト
https://camp-fire.jp/projects/910099/view,ナナコロビヤオキ【歌花てんか】生誕祭応援プロジェクト
https://camp-fire.jp/projects/905862/view,アキシブproject【茉井良菜】生誕祭応援プロジェクト
https://camp-fire.jp/projects/905370/view,ポンコツコンポ【秋田こまち】生誕祭応援プロジェクト
https://camp-fire.jp/projects/904673/view,i-COL/iLiFE!【あいす】生誕祭応援プロジェクト
https://camp-fire.jp/projects/904643/view,パラディーク【灯田にじ】生誕祭応援プロジェクト
https://camp-fire.jp/projects/904620/view,iON!【伽久耶くらら】生誕祭応援プロジェクト
https://camp-fire.jp/projects/903609/view,ナナコロビヤオキ【笑乃にな】生誕祭応援プロジェクト
https://camp-fire.jp/projects/902604/view,chuLa【飴色りんご】生誕祭応援プロジェクト
https://camp-fire.jp/projects/902564/view,ポンコツコンポ【夕葉里めろん】生誕祭応援プロジェクト
https://camp-fire.jp/projects/901780/view,のんふぃく！【香月あむ】生誕祭応援プロジェクト
https://camp-fire.jp/projects/898646/view,パラレルサイダー【小坂みおん】生誕祭応援プロジェクト
https://camp-fire.jp/projects/898625/view,MEGAFON【宮代ゆき】生誕祭応援プロジェクト
https://camp-fire.jp/projects/897590/view,夜光性アミューズ【琴音ふりる】生誕祭応援プロジェクト
https://camp-fire.jp/projects/897331/view,天羽しおり生誕祭応援プロジェクト
https://camp-fire.jp/projects/896857/view,iON!【儚寧この】生誕祭応援プロジェクト
https://camp-fire.jp/projects/896492/view,iLiFE!【小熊まむ】生誕祭応援プロジェクト
https://camp-fire.jp/projects/896417/view,のんふぃく！【海まりん】生誕祭応援プロジェクト
https://camp-fire.jp/projects/894574/view,アキシブproject【清見るん】生誕祭応援プロジェクト
https://camp-fire.jp/projects/894463/view,Ill 【森緑藻】生誕祭応援プロジェクト
https://camp-fire.jp/projects/892858/view,ポンコツコンポ【もちみるく】生誕祭応援プロジェクト
https://camp-fire.jp/projects/892264/view,CAL&RES【明日実まあや】生誕祭応援プロジェクト
https://camp-fire.jp/projects/892177/view,MEGAFON【星野あみ】生誕祭応援プロジェクト
https://camp-fire.jp/projects/892151/view,ドレスコード【百宮みも】生誕祭応援プロジェクト
https://camp-fire.jp/projects/892061/view,ZUTTOMOTTO【真空せいら】生誕祭応援プロジェクト
https://camp-fire.jp/projects/889196/view,テンシンランマン【味園そら】生誕祭応援プロジェクト
https://camp-fire.jp/projects/888095/view,ドレスコード【御伽りるむ】生誕祭応援プロジェクト
https://camp-fire.jp/projects/888057/view,ナナコロビヤオキ【熊ノ実にも】生誕祭応援プロジェクト
https://camp-fire.jp/projects/887993/view,iON!【栗栖むぎ】生誕祭応援プロジェクト
https://camp-fire.jp/projects/886205/view,パラディーク【来栖ゆる】生誕祭応援プロジェクト
https://camp-fire.jp/projects/885815/view,CAL&RES【来夢ねお】生誕祭応援プロジェクト
https://camp-fire.jp/projects/885803/view,パラレルサイダー【小熊まな香】生誕祭応援プロジェクト
https://camp-fire.jp/projects/883676/view,iON!【恋春ねね】生誕祭応援プロジェクト
https://camp-fire.jp/projects/883259/view,パラディーク【新木るの】生誕祭応援プロジェクト
https://camp-fire.jp/projects/883210/view,TENRIN【雅なぎ】生誕祭応援プロジェクト
https://camp-fire.jp/projects/881313/view,アキシブproject【葵ふう】生誕祭応援プロジェクト
https://camp-fire.jp/projects/878430/view,chuLa【綿森ろわ】生誕祭応援プロジェクト
https://camp-fire.jp/projects/878325/view,chuLa【はまちひよ】生誕祭応援プロジェクト
https://camp-fire.jp/projects/877622/view,MEGAFON【小晴のか】生誕祭応援プロジェクト
https://camp-fire.jp/projects/877054/view,AdamLilith【夜宵やむ】生誕祭応援プロジェクト
https://camp-fire.jp/projects/876853/view,ZUTTOMOTTO【高坂りん】生誕祭応援プロジェクト
https://camp-fire.jp/projects/876839/view,CAL&RES【杏仁みる】生誕祭応援プロジェクト
https://camp-fire.jp/projects/876679/view,TENRIN【蓮花うらら】生誕祭応援プロジェクト
https://camp-fire.jp/projects/875529/view,夜光性アミューズ【白空こあい】生誕祭応援プロジェクト
https://camp-fire.jp/projects/875256/view,AdamLilith【三木零】生誕祭応援プロジェクト
https://camp-fire.jp/projects/875017/view,iON!【鈴都りせ】生誕祭応援プロジェクト
https://camp-fire.jp/projects/874972/view,AdamLilith【都ユナ】生誕祭応援プロジェクト
https://camp-fire.jp/projects/874942/view,のんふぃく！【恋星はるか】生誕祭応援プロジェクト
https://camp-fire.jp/projects/872785/view,ZUTTOMOTTO【望月みら】生誕祭応援プロジェクト
https://camp-fire.jp/projects/872435/view,Ill【蒼井叶】生誕祭応援プロジェクト
https://camp-fire.jp/projects/870629/view,TENRIN【のもあちゃちゃ】生誕祭応援プロジェクト
https://camp-fire.jp/projects/870620/view,のんふぃく！【永月十華】生誕祭応援プロジェクト
https://camp-fire.jp/projects/869743/view,AdamLilith【響羽リズ】生誕祭応援プロジェクト
https://camp-fire.jp/projects/868889/view,CAL&RES【成瀬なる】生誕祭応援プロジェクト
https://camp-fire.jp/projects/868189/view,夜光性アミューズ【水萌しゅる】生誕祭応援プロジェクト
https://camp-fire.jp/projects/867593/view,ドレスコード【朝比奈まどか】生誕祭応援プロジェクト
https://camp-fire.jp/projects/866571/view,パラディーク【岬ちなつ】生誕祭応援プロジェクト
https://camp-fire.jp/projects/865918/view,iLiFE!【若葉のあ】生誕祭応援プロジェクト
https://camp-fire.jp/projects/865332/view,iLiFE!【空詩かれん】生誕祭応援プロジェクト
https://camp-fire.jp/projects/864694/view,MEGAFON【好実れん】生誕祭応援プロジェクト
https://camp-fire.jp/projects/862926/view,ポンコツコンポ【晴後あめ】生誕祭応援プロジェクト
https://camp-fire.jp/projects/860929/view,パラディーク【浜辺しずく】生誕祭応援プロジェクト
https://camp-fire.jp/projects/860921/view,ZUTTOMOTTO【四宮える】生誕祭応援プロジェクト
https://camp-fire.jp/projects/860047/view,︎パラレルサイダー【彩音ゆの】生誕祭応援プロジェクト
https://camp-fire.jp/projects/858542/view,Ill【白雪姫乃】生誕祭応援プロジェクト
https://camp-fire.jp/projects/857798/view,アキシブproject【古賀みれい】生誕祭応援プロジェクト
https://camp-fire.jp/projects/856779/view,ドレスコード【小鈴もゆ】生誕祭応援プロジェクト
https://camp-fire.jp/projects/856579/view,CAL&RES【羽宮きわみ】生誕祭応援プロジェクト
https://camp-fire.jp/projects/855776/view,chuLa【陽咲みお】生誕祭応援プロジェクト
https://camp-fire.jp/projects/855767/view,chuLa【明鏡みらの】生誕祭応援プロジェクト
https://camp-fire.jp/projects/855749/view,chuLa【八木ほるん】生誕祭応援プロジェクト
https://camp-fire.jp/projects/853936/view,ポンコツコンポ【紅芋たると】生誕祭応援プロジェクト
https://camp-fire.jp/projects/852863/view,ポンコツコンポ【山田花子】生誕祭応援プロジェクト
https://camp-fire.jp/projects/852786/view,TENRIN【霞あげは】生誕祭応援プロジェクト
https://camp-fire.jp/projects/850630/view,LADYBABY【月街えい】生誕祭応援プロジェクト
https://camp-fire.jp/projects/850362/view,LADYBABY【來崎せな】生誕祭応援プロジェクト
https://camp-fire.jp/projects/850343/view,iLiFE! /GILTY × GILTY【心花りり】生誕祭応援プロジェクト
https://camp-fire.jp/projects/850319/view,アキシブproject【水琴まなみ】生誕祭応援プロジェクト
https://camp-fire.jp/projects/850302/view,ナナコロビヤオキ【水田茉莉】生誕祭応援プロジェクト
https://camp-fire.jp/projects/849579/view,パラディーク【煌坂もね】生誕祭応援プロジェクト
https://camp-fire.jp/projects/848387/view,CAL&RES【美鈴りか】生誕祭応援プロジェクト
https://camp-fire.jp/projects/847738/view,のんふぃく！【水瀬ぴあの】生誕祭応援プロジェクト
https://camp-fire.jp/projects/846766/view,アキシブproject【平沢かえ】生誕応援プロジェクト
https://camp-fire.jp/projects/842716/view,夢羽るる 生誕祭応援プロジェクト
https://camp-fire.jp/projects/842710/view,ZUTTOMOTTO【羽澄ほの】生誕祭応援プロジェクト
https://camp-fire.jp/projects/842701/view,天使にはなれない【飛成もあ】生誕祭応援プロジェクト
https://camp-fire.jp/projects/842700/view,TENRIN【月神キラ】生誕卒業公演応援プロジェクト
https://camp-fire.jp/projects/842699/view,夜光性アミューズ【ふてこ】生誕祭応援プロジェクト
https://camp-fire.jp/projects/837039/view,パラレルサイダー【夢月まゆ】卒業公演応援プロジェクト
https://camp-fire.jp/projects/837038/view,LADYBABY【神黎ミア】生誕祭応援プロジェクト
https://camp-fire.jp/projects/836930/view,ドレスコード【飛茉りのあ】生誕祭応援プロジェクト
https://camp-fire.jp/projects/836500/view,i-COL/のんふぃく！【こるね】生誕祭応援プロジェクト
https://camp-fire.jp/projects/836248/view,Ill【紫ノ色】生誕祭応援プロジェクト
https://camp-fire.jp/projects/835163/view,夜光性アミューズ【みぽたぽた】生誕祭応援プロジェクト
https://camp-fire.jp/projects/829413/view,iLiFE!【福丸うさ】生誕祭応援プロジェクト
https://camp-fire.jp/projects/829412/view,ナナコロビヤオキ【瀬戸内れもん】生誕祭応援プロジェクト
https://camp-fire.jp/projects/829410/view,ナナコロビヤオキ【苺川えくぼ】生誕祭応援プロジェクト
https://camp-fire.jp/projects/829409/view,夜光性アミューズ【炎谷莉奈】生誕祭応援プロジェクト
https://camp-fire.jp/projects/826709/view,ドレスコード【宮園れな】生誕祭応援プロジェクト
https://camp-fire.jp/projects/826304/view,アキシブproject【美山ひな】生誕祭応援プロジェクト
https://camp-fire.jp/projects/826291/view,ナナコロビヤオキ【歌花てんか】生誕祭応援プロジェクト
https://camp-fire.jp/projects/822311/view,TENRIN【白洲あやん】生誕祭応援プロジェクト
https://camp-fire.jp/projects/822310/view,ナナコロビヤオキ【初号機まろ】卒業公演応援プロジェクト
https://camp-fire.jp/projects/819832/view,ポンコツコンポ【結目りぼん】生誕祭応援プロジェクト
https://camp-fire.jp/projects/812526/view,アキシブproject 【如月なな】生誕祭応援プロジェクト
https://camp-fire.jp/projects/812518/view,パラディーク【水野めい】生誕祭応援プロジェクト
https://camp-fire.jp/projects/812511/view,TENRIN 【七瀬にこ】生誕祭応援プロジェクト
https://camp-fire.jp/projects/812507/view,アキシブproject【茉井良菜】生誕祭応援プロジェクト
https://camp-fire.jp/projects/812502/view,アキシブproject【清見るん】生誕祭応援プロジェクト
https://camp-fire.jp/projects/808626/view,ZUTTOMOTTO【真空せいら】生誕祭応援プロジェクト
https://camp-fire.jp/projects/808585/view,make mie【小坂みおん】生誕祭応援プロジェクト
https://camp-fire.jp/projects/806829/view,iLiFE!／i-COL 【あいす】生誕祭応援プロジェクト
https://camp-fire.jp/projects/806744/view,のんふぃく！【藤城なみ】卒業公演応援プロジェクト
https://camp-fire.jp/projects/803220/view,のんふぃく！【海まりん】生誕祭応援プロジェクト
https://camp-fire.jp/projects/803193/view,ポンコツコンポ【夕葉里めろん】生誕祭応援プロジェクト
https://camp-fire.jp/projects/803192/view,のんふぃく！【真白里帆】生誕祭応援プロジェクト
https://camp-fire.jp/projects/803191/view,TENRIN【雅なぎ】生誕祭応援プロジェクト
https://camp-fire.jp/projects/802732/view,iLiFE!【那蘭のどか】生誕祭応援プロジェクト
https://camp-fire.jp/projects/799241/view,make mie【雛小みらい】卒業公演応援プロジェクト
https://camp-fire.jp/projects/798003/view,chuLa【飛鳥ことり】生誕祭応援プロジェクト
https://camp-fire.jp/projects/797996/view,ZUTTOMOTTO【瀬奈ゆのん】生誕祭応援プロジェクト
https://camp-fire.jp/projects/797671/view,AdamLilith【夜宵やむ】生誕祭応援プロジェクト
https://camp-fire.jp/projects/793555/view,ナナコロビヤオキ【熊ノ実にも】生誕祭応援プロジェクト
https://camp-fire.jp/projects/793554/view,ポンコツコンポ【もちみるく】生誕祭応援プロジェクト
https://camp-fire.jp/projects/793553/view,パラディーク【来栖ゆる】生誕祭応援プロジェクト
https://camp-fire.jp/projects/793552/view,AdamLilith【都ユナ】生誕祭応援プロジェクト
https://camp-fire.jp/projects/793551/view,パラディーク【平沢ゆめ】生誕祭応援プロジェクト
https://camp-fire.jp/projects/792467/view,TENRIN【蓮花うらら】生誕祭応援プロジェクト
https://camp-fire.jp/projects/790531/view,アキシブproject【葵ふう】生誕祭応援プロジェクト
https://camp-fire.jp/projects/789704/view,chuLa【天川ほたる】生誕祭応援プロジェクト
